{"cameraMode":{"drawMode":0,"name":"Shaded","section":"Shading Mode"},"sceneLighting":true,"audioPlay":false,"sceneViewState":{"m_AlwaysRefresh":false,"showFog":true,"showSkybox":true,"showFlares":true,"showImageEffects":true,"showParticleSystems":true,"showVisualEffectGraphs":true,"m_FxEnabled":true},"in2DMode":false,"pivot":{"x":366.8139953613281,"y":26.41265869140625,"z":182.71568298339845},"rotation":{"x":0.048236243426799777,"y":0.04341963678598404,"z":-0.0021240522619336845,"w":0.997776985168457},"size":18.80232810974121,"orthographic":false}